{"cameraMode":{"drawMode":0,"name":"Shaded","section":"Shading Mode"},"sceneLighting":true,"audioPlay":false,"sceneViewState":{"showFog":false,"showMaterialUpdate":true,"showSkybox":true,"showFlares":true,"showImageEffects":true,"showParticleSystems":true},"in2DMode":false,"pivot":{"x":18.42772674560547,"y":3.29958176612854,"z":18.766902923583986},"rotation":{"x":0.1329261213541031,"y":0.2770252525806427,"z":-0.03872693330049515,"w":0.9508382678031921},"size":3.590219020843506,"orthographic":false}