{"cameraMode":{"drawMode":0,"name":"Shaded","section":"Shading Mode"},"sceneLighting":true,"audioPlay":false,"sceneViewState":{"showFog":false,"showMaterialUpdate":true,"showSkybox":true,"showFlares":true,"showImageEffects":true,"showParticleSystems":true},"in2DMode":false,"pivot":{"x":8.916593551635743,"y":2.767404317855835,"z":11.628836631774903},"rotation":{"x":0.3629148304462433,"y":0.21110765635967256,"z":-0.08477810770273209,"w":0.903633177280426},"size":7.7860188484191898,"orthographic":false}