{"cameraMode":{"drawMode":0,"name":"Shaded","section":"Shading Mode"},"sceneLighting":true,"audioPlay":false,"sceneViewState":{"showFog":false,"showMaterialUpdate":true,"showSkybox":true,"showFlares":true,"showImageEffects":true,"showParticleSystems":true},"in2DMode":false,"pivot":{"x":16.979711532592775,"y":-0.4048798084259033,"z":20.820220947265626},"rotation":{"x":-0.20914551615715028,"y":-0.23015575110912324,"z":0.05071094259619713,"w":-0.9490818381309509},"size":22.45710563659668,"orthographic":false}