{"cameraMode":{"drawMode":0,"name":"Shaded","section":"Shading Mode"},"sceneLighting":true,"audioPlay":false,"sceneViewState":{"showFog":false,"showMaterialUpdate":true,"showSkybox":true,"showFlares":true,"showImageEffects":true,"showParticleSystems":true},"in2DMode":false,"pivot":{"x":-13.479156494140625,"y":10.745382308959961,"z":-0.6629390716552734},"rotation":{"x":0.511282205581665,"y":0.17647728323936463,"z":-0.10817445069551468,"w":0.8341130018234253},"size":29.554363250732423,"orthographic":false}