{"cameraMode":{"drawMode":0,"name":"Shaded","section":"Shading Mode"},"sceneLighting":true,"audioPlay":false,"sceneViewState":{"showFog":false,"showMaterialUpdate":true,"showSkybox":true,"showFlares":true,"showImageEffects":true,"showParticleSystems":true},"in2DMode":false,"pivot":{"x":-14.17622184753418,"y":3.039470672607422,"z":-23.884525299072267},"rotation":{"x":0.23574739694595338,"y":0.41979438066482546,"z":-0.11387867480516434,"w":0.8690401315689087},"size":7.192819595336914,"orthographic":false}