{"cameraMode":{"drawMode":0,"name":"Shaded","section":"Shading Mode"},"sceneLighting":true,"audioPlay":false,"sceneViewState":{"showFog":false,"showMaterialUpdate":true,"showSkybox":true,"showFlares":true,"showImageEffects":true,"showParticleSystems":true},"in2DMode":false,"pivot":{"x":5.390689373016357,"y":-9.151347160339356,"z":-14.220548629760743},"rotation":{"x":0.31123408675193789,"y":0.25786063075065615,"z":-0.08814932405948639,"w":0.9104308485984802},"size":13.001351356506348,"orthographic":false}