{"cameraMode":{"drawMode":0,"name":"Shaded","section":"Shading Mode"},"sceneLighting":true,"audioPlay":false,"sceneViewState":{"showFog":false,"showMaterialUpdate":true,"showSkybox":true,"showFlares":true,"showImageEffects":true,"showParticleSystems":true},"in2DMode":false,"pivot":{"x":11.436567306518555,"y":-10.490267753601075,"z":-20.9278564453125},"rotation":{"x":0.3418315052986145,"y":0.012686523608863354,"z":-0.004615315701812506,"w":0.9396659731864929},"size":28.122982025146486,"orthographic":false}