{"cameraMode":{"drawMode":0,"name":"Shaded","section":"Shading Mode"},"sceneLighting":true,"audioPlay":false,"sceneViewState":{"showFog":false,"showMaterialUpdate":true,"showSkybox":true,"showFlares":true,"showImageEffects":true,"showParticleSystems":true},"in2DMode":false,"pivot":{"x":-19.144969940185548,"y":-28.248620986938478,"z":-16.473628997802736},"rotation":{"x":0.31123408675193789,"y":0.25786063075065615,"z":-0.08814932405948639,"w":0.9104308485984802},"size":46.31480407714844,"orthographic":false}