{"cameraMode":{"drawMode":0,"name":"Shaded","section":"Shading Mode"},"sceneLighting":true,"audioPlay":false,"sceneViewState":{"showFog":false,"showMaterialUpdate":true,"showSkybox":true,"showFlares":true,"showImageEffects":true,"showParticleSystems":true},"in2DMode":false,"pivot":{"x":1.608799934387207,"y":9.314898490905762,"z":-3.992384433746338},"rotation":{"x":0.15732720494270326,"y":0.4110238552093506,"z":-0.07224907726049423,"w":0.8950355052947998},"size":18.202333450317384,"orthographic":false}