{"cameraMode":{"drawMode":0,"name":"Shaded","section":"Shading Mode"},"sceneLighting":true,"audioPlay":false,"sceneViewState":{"showFog":false,"showMaterialUpdate":true,"showSkybox":true,"showFlares":true,"showImageEffects":true,"showParticleSystems":true},"in2DMode":false,"pivot":{"x":5.65781307220459,"y":-1.466357707977295,"z":-22.654399871826173},"rotation":{"x":0.3323197662830353,"y":0.18644210696220399,"z":-0.06719722598791123,"w":0.9221234917640686},"size":9.861520767211914,"orthographic":false}