{"cameraMode":{"drawMode":0,"name":"Shaded","section":"Shading Mode"},"sceneLighting":true,"audioPlay":false,"sceneViewState":{"showFog":false,"showMaterialUpdate":true,"showSkybox":true,"showFlares":true,"showImageEffects":true,"showParticleSystems":true},"in2DMode":false,"pivot":{"x":-1.3761723041534424,"y":-21.462230682373048,"z":-9.79147720336914},"rotation":{"x":0.4313267469406128,"y":0.30179333686828616,"z":-0.15573790669441224,"w":0.8358377814292908},"size":55.785552978515628,"orthographic":false}