{"cameraMode":{"drawMode":0,"name":"Shaded","section":"Shading Mode"},"sceneLighting":true,"audioPlay":false,"sceneViewState":{"showFog":false,"showMaterialUpdate":true,"showSkybox":true,"showFlares":true,"showImageEffects":true,"showParticleSystems":true},"in2DMode":false,"pivot":{"x":-6.710638999938965,"y":6.526171684265137,"z":-17.347640991210939},"rotation":{"x":0.07718050479888916,"y":0.1371442824602127,"z":-0.01071864366531372,"w":0.9874826073646545},"size":7.398290634155273,"orthographic":false}