{"cameraMode":{"drawMode":0,"name":"Shaded","section":"Shading Mode"},"sceneLighting":true,"audioPlay":false,"sceneViewState":{"showFog":false,"showMaterialUpdate":true,"showSkybox":true,"showFlares":true,"showImageEffects":true,"showParticleSystems":true},"in2DMode":false,"pivot":{"x":-26.65502166748047,"y":3.1605224609375,"z":-32.008056640625},"rotation":{"x":0.5322428345680237,"y":0.251085102558136,"z":-0.16902576386928559,"w":0.7906364798545837},"size":27.879558563232423,"orthographic":false}