{"cameraMode":{"drawMode":0,"name":"Shaded","section":"Shading Mode"},"sceneLighting":true,"audioPlay":false,"sceneViewState":{"showFog":false,"showMaterialUpdate":true,"showSkybox":true,"showFlares":true,"showImageEffects":true,"showParticleSystems":true},"in2DMode":false,"pivot":{"x":-28.411785125732423,"y":-2.972187042236328,"z":-34.983917236328128},"rotation":{"x":0.45996057987213137,"y":-0.1152801439166069,"z":0.060367945581674579,"w":0.8783522248268127},"size":179.33595275878907,"orthographic":false}