{"cameraMode":{"drawMode":0,"name":"Shaded","section":"Shading Mode"},"sceneLighting":true,"audioPlay":false,"sceneViewState":{"showFog":false,"showMaterialUpdate":true,"showSkybox":true,"showFlares":true,"showImageEffects":true,"showParticleSystems":true},"in2DMode":false,"pivot":{"x":17.705780029296876,"y":2.459425449371338,"z":19.764461517333986},"rotation":{"x":0.19208981096744538,"y":0.6517544388771057,"z":-0.1757628321647644,"w":0.7123616337776184},"size":3.2853047847747804,"orthographic":false}