{"cameraMode":{"drawMode":0,"name":"Shaded","section":"Shading Mode"},"sceneLighting":true,"audioPlay":false,"sceneViewState":{"showFog":false,"showMaterialUpdate":true,"showSkybox":true,"showFlares":true,"showImageEffects":true,"showParticleSystems":true},"in2DMode":false,"pivot":{"x":38.997169494628909,"y":-16.332477569580079,"z":-13.204109191894532},"rotation":{"x":0.33517104387283327,"y":0.548618733882904,"z":-0.25453534722328188,"w":0.7224221229553223},"size":33.348289489746097,"orthographic":false}